nome;ano
"Boston Bruins";1990
"Buffalo Sabres";1990
"Calgary Flames";1990
"Chicago Blackhawks";1990
"Detroit Red Wings";1990
"Edmonton Oilers";1990
"Hartford Whalers";1990
"Los Angeles Kings";1990
"Minnesota North Stars";1990
"Montreal Canadiens";1990
"New Jersey Devils";1990
"New York Islanders";1990
"New York Rangers";1990
"Philadelphia Flyers";1990
"Pittsburgh Penguins";1990
"Quebec Nordiques";1990
"St. Louis Blues";1990
"Toronto Maple Leafs";1990
"Vancouver Canucks";1990
"Washington Capitals";1990
"Winnipeg Jets";1990
"Boston Bruins";1991
"Buffalo Sabres";1991
"Calgary Flames";1991
"Chicago Blackhawks";1991
"Detroit Red Wings";1991
"Edmonton Oilers";1991
"Hartford Whalers";1991
"Los Angeles Kings";1991
"Minnesota North Stars";1991
"Montreal Canadiens";1991
"New Jersey Devils";1991
"New York Islanders";1991
"New York Rangers";1991
"Philadelphia Flyers";1991
"Pittsburgh Penguins";1991
"Quebec Nordiques";1991
"San Jose Sharks";1991
"St. Louis Blues";1991
"Toronto Maple Leafs";1991
"Vancouver Canucks";1991
"Washington Capitals";1991
"Winnipeg Jets";1991
"Boston Bruins";1992
"Buffalo Sabres";1992
"Calgary Flames";1992
"Chicago Blackhawks";1992
"Detroit Red Wings";1992
"Edmonton Oilers";1992
"Hartford Whalers";1992
"Los Angeles Kings";1992
"Minnesota North Stars";1992
"Montreal Canadiens";1992
"New Jersey Devils";1992
"New York Islanders";1992
"New York Rangers";1992
"Ottawa Senators";1992
"Philadelphia Flyers";1992
"Pittsburgh Penguins";1992
"Quebec Nordiques";1992
"San Jose Sharks";1992
"St. Louis Blues";1992
"Tampa Bay Lightning";1992
"Toronto Maple Leafs";1992
"Vancouver Canucks";1992
"Washington Capitals";1992
"Winnipeg Jets";1992
"Mighty Ducks of Anaheim";1993
"Boston Bruins";1993
"Buffalo Sabres";1993
"Calgary Flames";1993
"Chicago Blackhawks";1993
"Dallas Stars";1993
"Detroit Red Wings";1993
"Edmonton Oilers";1993
"Florida Panthers";1993
"Hartford Whalers";1993
"Los Angeles Kings";1993
"Montreal Canadiens";1993
"New Jersey Devils";1993
"New York Islanders";1993
"New York Rangers";1993
"Ottawa Senators";1993
"Philadelphia Flyers";1993
"Pittsburgh Penguins";1993
"Quebec Nordiques";1993
"San Jose Sharks";1993
"St. Louis Blues";1993
"Tampa Bay Lightning";1993
"Toronto Maple Leafs";1993
"Vancouver Canucks";1993
"Washington Capitals";1993
"Winnipeg Jets";1993
"Mighty Ducks of Anaheim";1994
"Boston Bruins";1994
"Buffalo Sabres";1994
"Calgary Flames";1994
"Chicago Blackhawks";1994
"Dallas Stars";1994
"Detroit Red Wings";1994
"Edmonton Oilers";1994
"Florida Panthers";1994
"Hartford Whalers";1994
"Los Angeles Kings";1994
"Montreal Canadiens";1994
"New Jersey Devils";1994
"New York Islanders";1994
"New York Rangers";1994
"Ottawa Senators";1994
"Philadelphia Flyers";1994
"Pittsburgh Penguins";1994
"Quebec Nordiques";1994
"San Jose Sharks";1994
"St. Louis Blues";1994
"Tampa Bay Lightning";1994
"Toronto Maple Leafs";1994
"Vancouver Canucks";1994
"Washington Capitals";1994
"Winnipeg Jets";1994
"Mighty Ducks of Anaheim";1995
"Boston Bruins";1995
"Buffalo Sabres";1995
"Calgary Flames";1995
"Chicago Blackhawks";1995
"Colorado Avalanche";1995
"Dallas Stars";1995
"Detroit Red Wings";1995
"Edmonton Oilers";1995
"Florida Panthers";1995
"Hartford Whalers";1995
"Los Angeles Kings";1995
"Montreal Canadiens";1995
"New Jersey Devils";1995
"New York Islanders";1995
"New York Rangers";1995
"Ottawa Senators";1995
"Philadelphia Flyers";1995
"Pittsburgh Penguins";1995
"San Jose Sharks";1995
"St. Louis Blues";1995
"Tampa Bay Lightning";1995
"Toronto Maple Leafs";1995
"Vancouver Canucks";1995
"Washington Capitals";1995
"Winnipeg Jets";1995
"Mighty Ducks of Anaheim";1996
"Boston Bruins";1996
"Buffalo Sabres";1996
"Calgary Flames";1996
"Chicago Blackhawks";1996
"Colorado Avalanche";1996
"Dallas Stars";1996
"Detroit Red Wings";1996
"Edmonton Oilers";1996
"Florida Panthers";1996
"Hartford Whalers";1996
"Los Angeles Kings";1996
"Montreal Canadiens";1996
"New Jersey Devils";1996
"New York Islanders";1996
"New York Rangers";1996
"Ottawa Senators";1996
"Philadelphia Flyers";1996
"Phoenix Coyotes";1996
"Pittsburgh Penguins";1996
"San Jose Sharks";1996
"St. Louis Blues";1996
"Tampa Bay Lightning";1996
"Toronto Maple Leafs";1996
"Vancouver Canucks";1996
"Washington Capitals";1996
"Mighty Ducks of Anaheim";1997
"Boston Bruins";1997
"Buffalo Sabres";1997
"Calgary Flames";1997
"Carolina Hurricanes";1997
"Chicago Blackhawks";1997
"Colorado Avalanche";1997
"Dallas Stars";1997
"Detroit Red Wings";1997
"Edmonton Oilers";1997
"Florida Panthers";1997
"Los Angeles Kings";1997
"Montreal Canadiens";1997
"New Jersey Devils";1997
"New York Islanders";1997
"New York Rangers";1997
"Ottawa Senators";1997
"Philadelphia Flyers";1997
"Phoenix Coyotes";1997
"Pittsburgh Penguins";1997
"San Jose Sharks";1997
"St. Louis Blues";1997
"Tampa Bay Lightning";1997
"Toronto Maple Leafs";1997
"Vancouver Canucks";1997
"Washington Capitals";1997
"Mighty Ducks of Anaheim";1998
"Boston Bruins";1998
"Buffalo Sabres";1998
"Calgary Flames";1998
"Carolina Hurricanes";1998
"Chicago Blackhawks";1998
"Colorado Avalanche";1998
"Dallas Stars";1998
"Detroit Red Wings";1998
"Edmonton Oilers";1998
"Florida Panthers";1998
"Los Angeles Kings";1998
"Montreal Canadiens";1998
"Nashville Predators";1998
"New Jersey Devils";1998
"New York Islanders";1998
"New York Rangers";1998
"Ottawa Senators";1998
"Philadelphia Flyers";1998
"Phoenix Coyotes";1998
"Pittsburgh Penguins";1998
"San Jose Sharks";1998
"St. Louis Blues";1998
"Tampa Bay Lightning";1998
"Toronto Maple Leafs";1998
"Vancouver Canucks";1998
"Washington Capitals";1998
"Mighty Ducks of Anaheim";1999
"Atlanta Thrashers";1999
"Boston Bruins";1999
"Buffalo Sabres";1999
"Calgary Flames";1999
"Carolina Hurricanes";1999
"Chicago Blackhawks";1999
"Colorado Avalanche";1999
"Dallas Stars";1999
"Detroit Red Wings";1999
"Edmonton Oilers";1999
"Florida Panthers";1999
"Los Angeles Kings";1999
"Montreal Canadiens";1999
"Nashville Predators";1999
"New Jersey Devils";1999
"New York Islanders";1999
"New York Rangers";1999
"Ottawa Senators";1999
"Philadelphia Flyers";1999
"Phoenix Coyotes";1999
"Pittsburgh Penguins";1999
"San Jose Sharks";1999
"St. Louis Blues";1999
"Tampa Bay Lightning";1999
"Toronto Maple Leafs";1999
"Vancouver Canucks";1999
"Washington Capitals";1999
"Mighty Ducks of Anaheim";2000
"Atlanta Thrashers";2000
"Boston Bruins";2000
"Buffalo Sabres";2000
"Calgary Flames";2000
"Carolina Hurricanes";2000
"Columbus Blue Jackets";2000
"Chicago Blackhawks";2000
"Colorado Avalanche";2000
"Dallas Stars";2000
"Detroit Red Wings";2000
"Edmonton Oilers";2000
"Florida Panthers";2000
"Los Angeles Kings";2000
"Minnesota Wild";2000
"Montreal Canadiens";2000
"Nashville Predators";2000
"New Jersey Devils";2000
"New York Islanders";2000
"New York Rangers";2000
"Ottawa Senators";2000
"Philadelphia Flyers";2000
"Phoenix Coyotes";2000
"Pittsburgh Penguins";2000
"San Jose Sharks";2000
"St. Louis Blues";2000
"Tampa Bay Lightning";2000
"Toronto Maple Leafs";2000
"Vancouver Canucks";2000
"Washington Capitals";2000
"Mighty Ducks of Anaheim";2001
"Atlanta Thrashers";2001
"Boston Bruins";2001
"Buffalo Sabres";2001
"Calgary Flames";2001
"Carolina Hurricanes";2001
"Columbus Blue Jackets";2001
"Chicago Blackhawks";2001
"Colorado Avalanche";2001
"Dallas Stars";2001
"Detroit Red Wings";2001
"Edmonton Oilers";2001
"Florida Panthers";2001
"Los Angeles Kings";2001
"Minnesota Wild";2001
"Montreal Canadiens";2001
"Nashville Predators";2001
"New Jersey Devils";2001
"New York Islanders";2001
"New York Rangers";2001
"Ottawa Senators";2001
"Philadelphia Flyers";2001
"Phoenix Coyotes";2001
"Pittsburgh Penguins";2001
"San Jose Sharks";2001
"St. Louis Blues";2001
"Tampa Bay Lightning";2001
"Toronto Maple Leafs";2001
"Vancouver Canucks";2001
"Washington Capitals";2001
"Mighty Ducks of Anaheim";2002
"Atlanta Thrashers";2002
"Boston Bruins";2002
"Buffalo Sabres";2002
"Calgary Flames";2002
"Carolina Hurricanes";2002
"Columbus Blue Jackets";2002
"Chicago Blackhawks";2002
"Colorado Avalanche";2002
"Dallas Stars";2002
"Detroit Red Wings";2002
"Edmonton Oilers";2002
"Florida Panthers";2002
"Los Angeles Kings";2002
"Minnesota Wild";2002
"Montreal Canadiens";2002
"Nashville Predators";2002
"New Jersey Devils";2002
"New York Islanders";2002
"New York Rangers";2002
"Ottawa Senators";2002
"Philadelphia Flyers";2002
"Phoenix Coyotes";2002
"Pittsburgh Penguins";2002
"San Jose Sharks";2002
"St. Louis Blues";2002
"Tampa Bay Lightning";2002
"Toronto Maple Leafs";2002
"Vancouver Canucks";2002
"Washington Capitals";2002
"Mighty Ducks of Anaheim";2003
"Atlanta Thrashers";2003
"Boston Bruins";2003
"Buffalo Sabres";2003
"Calgary Flames";2003
"Carolina Hurricanes";2003
"Columbus Blue Jackets";2003
"Chicago Blackhawks";2003
"Colorado Avalanche";2003
"Dallas Stars";2003
"Detroit Red Wings";2003
"Edmonton Oilers";2003
"Florida Panthers";2003
"Los Angeles Kings";2003
"Minnesota Wild";2003
"Montreal Canadiens";2003
"Nashville Predators";2003
"New Jersey Devils";2003
"New York Islanders";2003
"New York Rangers";2003
"Ottawa Senators";2003
"Philadelphia Flyers";2003
"Phoenix Coyotes";2003
"Pittsburgh Penguins";2003
"San Jose Sharks";2003
"St. Louis Blues";2003
"Tampa Bay Lightning";2003
"Toronto Maple Leafs";2003
"Vancouver Canucks";2003
"Washington Capitals";2003
"Mighty Ducks of Anaheim";2005
"Atlanta Thrashers";2005
"Boston Bruins";2005
"Buffalo Sabres";2005
"Calgary Flames";2005
"Carolina Hurricanes";2005
"Columbus Blue Jackets";2005
"Chicago Blackhawks";2005
"Colorado Avalanche";2005
"Dallas Stars";2005
"Detroit Red Wings";2005
"Edmonton Oilers";2005
"Florida Panthers";2005
"Los Angeles Kings";2005
"Minnesota Wild";2005
"Montreal Canadiens";2005
"Nashville Predators";2005
"New Jersey Devils";2005
"New York Islanders";2005
"New York Rangers";2005
"Ottawa Senators";2005
"Philadelphia Flyers";2005
"Phoenix Coyotes";2005
"Pittsburgh Penguins";2005
"San Jose Sharks";2005
"St. Louis Blues";2005
"Tampa Bay Lightning";2005
"Toronto Maple Leafs";2005
"Vancouver Canucks";2005
"Washington Capitals";2005
"Anaheim Ducks";2006
"Atlanta Thrashers";2006
"Boston Bruins";2006
"Buffalo Sabres";2006
"Calgary Flames";2006
"Carolina Hurricanes";2006
"Columbus Blue Jackets";2006
"Chicago Blackhawks";2006
"Colorado Avalanche";2006
"Dallas Stars";2006
"Detroit Red Wings";2006
"Edmonton Oilers";2006
"Florida Panthers";2006
"Los Angeles Kings";2006
"Minnesota Wild";2006
"Montreal Canadiens";2006
"Nashville Predators";2006
"New Jersey Devils";2006
"New York Islanders";2006
"New York Rangers";2006
"Ottawa Senators";2006
"Philadelphia Flyers";2006
"Phoenix Coyotes";2006
"Pittsburgh Penguins";2006
"San Jose Sharks";2006
"St. Louis Blues";2006
"Tampa Bay Lightning";2006
"Toronto Maple Leafs";2006
"Vancouver Canucks";2006
"Washington Capitals";2006
"Anaheim Ducks";2007
"Atlanta Thrashers";2007
"Boston Bruins";2007
"Buffalo Sabres";2007
"Calgary Flames";2007
"Carolina Hurricanes";2007
"Columbus Blue Jackets";2007
"Chicago Blackhawks";2007
"Colorado Avalanche";2007
"Dallas Stars";2007
"Detroit Red Wings";2007
"Edmonton Oilers";2007
"Florida Panthers";2007
"Los Angeles Kings";2007
"Minnesota Wild";2007
"Montreal Canadiens";2007
"Nashville Predators";2007
"New Jersey Devils";2007
"New York Islanders";2007
"New York Rangers";2007
"Ottawa Senators";2007
"Philadelphia Flyers";2007
"Phoenix Coyotes";2007
"Pittsburgh Penguins";2007
"San Jose Sharks";2007
"St. Louis Blues";2007
"Tampa Bay Lightning";2007
"Toronto Maple Leafs";2007
"Vancouver Canucks";2007
"Washington Capitals";2007
"Anaheim Ducks";2008
"Atlanta Thrashers";2008
"Boston Bruins";2008
"Buffalo Sabres";2008
"Calgary Flames";2008
"Carolina Hurricanes";2008
"Columbus Blue Jackets";2008
"Chicago Blackhawks";2008
"Colorado Avalanche";2008
"Dallas Stars";2008
"Detroit Red Wings";2008
"Edmonton Oilers";2008
"Florida Panthers";2008
"Los Angeles Kings";2008
"Minnesota Wild";2008
"Montreal Canadiens";2008
"Nashville Predators";2008
"New Jersey Devils";2008
"New York Islanders";2008
"New York Rangers";2008
"Ottawa Senators";2008
"Philadelphia Flyers";2008
"Phoenix Coyotes";2008
"Pittsburgh Penguins";2008
"San Jose Sharks";2008
"St. Louis Blues";2008
"Tampa Bay Lightning";2008
"Toronto Maple Leafs";2008
"Vancouver Canucks";2008
"Washington Capitals";2008
"Anaheim Ducks";2009
"Atlanta Thrashers";2009
"Boston Bruins";2009
"Buffalo Sabres";2009
"Calgary Flames";2009
"Carolina Hurricanes";2009
"Columbus Blue Jackets";2009
"Chicago Blackhawks";2009
"Colorado Avalanche";2009
"Dallas Stars";2009
"Detroit Red Wings";2009
"Edmonton Oilers";2009
"Florida Panthers";2009
"Los Angeles Kings";2009
"Minnesota Wild";2009
"Montreal Canadiens";2009
"Nashville Predators";2009
"New Jersey Devils";2009
"New York Islanders";2009
"New York Rangers";2009
"Ottawa Senators";2009
"Philadelphia Flyers";2009
"Phoenix Coyotes";2009
"Pittsburgh Penguins";2009
"San Jose Sharks";2009
"St. Louis Blues";2009
"Tampa Bay Lightning";2009
"Toronto Maple Leafs";2009
"Vancouver Canucks";2009
"Washington Capitals";2009
"Anaheim Ducks";2010
"Atlanta Thrashers";2010
"Boston Bruins";2010
"Buffalo Sabres";2010
"Calgary Flames";2010
"Carolina Hurricanes";2010
"Columbus Blue Jackets";2010
"Chicago Blackhawks";2010
"Colorado Avalanche";2010
"Dallas Stars";2010
"Detroit Red Wings";2010
"Edmonton Oilers";2010
"Florida Panthers";2010
"Los Angeles Kings";2010
"Minnesota Wild";2010
"Montreal Canadiens";2010
"Nashville Predators";2010
"New Jersey Devils";2010
"New York Islanders";2010
"New York Rangers";2010
"Ottawa Senators";2010
"Philadelphia Flyers";2010
"Phoenix Coyotes";2010
"Pittsburgh Penguins";2010
"San Jose Sharks";2010
"St. Louis Blues";2010
"Tampa Bay Lightning";2010
"Toronto Maple Leafs";2010
"Vancouver Canucks";2010
"Washington Capitals";2010
"Anaheim Ducks";2011
"Boston Bruins";2011
"Buffalo Sabres";2011
"Calgary Flames";2011
"Carolina Hurricanes";2011
"Columbus Blue Jackets";2011
"Chicago Blackhawks";2011
"Colorado Avalanche";2011
"Dallas Stars";2011
"Detroit Red Wings";2011
"Edmonton Oilers";2011
"Florida Panthers";2011
"Los Angeles Kings";2011
"Minnesota Wild";2011
"Montreal Canadiens";2011
"Nashville Predators";2011
"New Jersey Devils";2011
"New York Islanders";2011
"New York Rangers";2011
"Ottawa Senators";2011
"Philadelphia Flyers";2011
"Phoenix Coyotes";2011
"Pittsburgh Penguins";2011
"San Jose Sharks";2011
"St. Louis Blues";2011
"Tampa Bay Lightning";2011
"Toronto Maple Leafs";2011
"Vancouver Canucks";2011
"Washington Capitals";2011
"Winnipeg Jets";2011
